<?xml version="1.0" encoding="UTF-8"?>
<!-- IMPORTANT: This is an internal file that has been generated
     by the Xilinx ISE software.  Any direct editing or
     changes made to this file may result in unpredictable
     behavior or data corruption.  It is strongly advised that
     users do not edit the contents of this file. -->
<DeviceUsageSummary rev="12">
<DesignStatistics TimeStamp="Tue Oct 30 17:54:11 2018"><group name="NetStatistics">
<item name="NumNets_Active" rev="12">
<attrib name="value" value="24"/></item>
<item name="NumNets_Vcc" rev="12">
<attrib name="value" value="1"/></item>
<item name="NumNodesOfType_Active_DOUBLE" rev="12">
<attrib name="value" value="21"/></item>
<item name="NumNodesOfType_Active_GENERIC" rev="12">
<attrib name="value" value="17"/></item>
<item name="NumNodesOfType_Active_IOBIN2OUT" rev="12">
<attrib name="value" value="12"/></item>
<item name="NumNodesOfType_Active_IOBOUTPUT" rev="12">
<attrib name="value" value="12"/></item>
<item name="NumNodesOfType_Active_LUTINPUT" rev="12">
<attrib name="value" value="20"/></item>
<item name="NumNodesOfType_Active_OUTBOUND" rev="12">
<attrib name="value" value="17"/></item>
<item name="NumNodesOfType_Active_OUTPUT" rev="12">
<attrib name="value" value="7"/></item>
<item name="NumNodesOfType_Active_PADINPUT" rev="12">
<attrib name="value" value="7"/></item>
<item name="NumNodesOfType_Active_PADOUTPUT" rev="12">
<attrib name="value" value="5"/></item>
<item name="NumNodesOfType_Active_PINBOUNCE" rev="12">
<attrib name="value" value="1"/></item>
<item name="NumNodesOfType_Active_PINFEED" rev="12">
<attrib name="value" value="27"/></item>
<item name="NumNodesOfType_Active_QUAD" rev="12">
<attrib name="value" value="16"/></item>
<item name="NumNodesOfType_Active_SINGLE" rev="12">
<attrib name="value" value="14"/></item>
<item name="NumNodesOfType_Vcc_HVCCOUT" rev="12">
<attrib name="value" value="2"/></item>
<item name="NumNodesOfType_Vcc_LUTINPUT" rev="12">
<attrib name="value" value="3"/></item>
<item name="NumNodesOfType_Vcc_PINFEED" rev="12">
<attrib name="value" value="3"/></item>
</group>
<group name="SiteStatistics">
<item name="IOB-IOBM" rev="12">
<attrib name="value" value="6"/></item>
<item name="IOB-IOBS" rev="12">
<attrib name="value" value="6"/></item>
<item name="SLICEX-SLICEL" rev="12">
<attrib name="value" value="2"/></item>
</group>
<group name="MiscellaneousStatistics">
<item name="AGG_BONDED_IO" rev="11">
<attrib name="value" value="12"/></item>
<item name="AGG_IO" rev="11">
<attrib name="value" value="12"/></item>
<item name="AGG_LOCED_IO" rev="11">
<attrib name="value" value="11"/></item>
<item name="AGG_SLICE" rev="11">
<attrib name="value" value="3"/></item>
<item name="NUM_BONDED_IOB" rev="11">
<attrib name="value" value="12"/></item>
<item name="NUM_BSLUTONLY" rev="11">
<attrib name="value" value="4"/></item>
<item name="NUM_BSUSED" rev="11">
<attrib name="value" value="4"/></item>
<item name="NUM_LOCED_IOB" rev="11">
<attrib name="value" value="11"/></item>
<item name="NUM_LOGIC_O5ANDO6" rev="11">
<attrib name="value" value="3"/></item>
<item name="NUM_LOGIC_O6ONLY" rev="11">
<attrib name="value" value="1"/></item>
<item name="NUM_SLICEX" rev="11">
<attrib name="value" value="3"/></item>
<item name="NUM_SLICE_CYINIT" rev="11">
<attrib name="value" value="7"/></item>
<item name="NUM_SLICE_UNUSEDCTRL" rev="11">
<attrib name="value" value="3"/></item>
</group>
</DesignStatistics>
<DeviceUsage TimeStamp="Tue Oct 30 17:54:11 2018"><group name="SiteSummary">
<item name="IOB" rev="12">
<attrib name="total" value="1000000"/><attrib name="used" value="12"/></item>
<item name="IOB_IMUX" rev="12">
<attrib name="total" value="1000000"/><attrib name="used" value="5"/></item>
<item name="IOB_INBUF" rev="12">
<attrib name="total" value="1000000"/><attrib name="used" value="5"/></item>
<item name="IOB_OUTBUF" rev="12">
<attrib name="total" value="1000000"/><attrib name="used" value="7"/></item>
<item name="LUT5" rev="12">
<attrib name="total" value="1000000"/><attrib name="used" value="3"/></item>
<item name="LUT6" rev="12">
<attrib name="total" value="1000000"/><attrib name="used" value="4"/></item>
<item name="PAD" rev="12">
<attrib name="total" value="1000000"/><attrib name="used" value="12"/></item>
<item name="SLICEX" rev="12">
<attrib name="total" value="1000000"/><attrib name="used" value="3"/></item>
</group>
</DeviceUsage>
<ReportConfigData TimeStamp="Tue Oct 30 17:54:11 2018"><group name="IOB_OUTBUF">
<item name="DRIVEATTRBOX" rev="12">
<attrib name="12" value="7"/></item>
<item name="SLEW" rev="12">
<attrib name="SLOW" value="7"/></item>
<item name="SUSPEND" rev="12">
<attrib name="3STATE" value="7"/></item>
</group>
</ReportConfigData>
<ReportPinData TimeStamp="Tue Oct 30 17:54:11 2018"><group name="IOB_OUTBUF">
<item name="IN" rev="12">
<attrib name="value" value="7"/></item>
<item name="OUT" rev="12">
<attrib name="value" value="7"/></item>
</group>
<group name="SLICEX">
<item name="A" rev="12">
<attrib name="value" value="2"/></item>
<item name="A1" rev="12">
<attrib name="value" value="1"/></item>
<item name="A2" rev="12">
<attrib name="value" value="2"/></item>
<item name="A3" rev="12">
<attrib name="value" value="2"/></item>
<item name="A4" rev="12">
<attrib name="value" value="2"/></item>
<item name="A5" rev="12">
<attrib name="value" value="2"/></item>
<item name="A6" rev="12">
<attrib name="value" value="2"/></item>
<item name="AMUX" rev="12">
<attrib name="value" value="1"/></item>
<item name="D" rev="12">
<attrib name="value" value="2"/></item>
<item name="D1" rev="12">
<attrib name="value" value="2"/></item>
<item name="D2" rev="12">
<attrib name="value" value="2"/></item>
<item name="D3" rev="12">
<attrib name="value" value="2"/></item>
<item name="D4" rev="12">
<attrib name="value" value="2"/></item>
<item name="D5" rev="12">
<attrib name="value" value="2"/></item>
<item name="D6" rev="12">
<attrib name="value" value="2"/></item>
<item name="DMUX" rev="12">
<attrib name="value" value="2"/></item>
</group>
<group name="PAD">
<item name="PAD" rev="12">
<attrib name="value" value="12"/></item>
</group>
<group name="IOB_INBUF">
<item name="OUT" rev="12">
<attrib name="value" value="5"/></item>
<item name="PAD" rev="12">
<attrib name="value" value="5"/></item>
</group>
<group name="LUT5">
<item name="A1" rev="12">
<attrib name="value" value="3"/></item>
<item name="A2" rev="12">
<attrib name="value" value="3"/></item>
<item name="A3" rev="12">
<attrib name="value" value="3"/></item>
<item name="A4" rev="12">
<attrib name="value" value="3"/></item>
<item name="A5" rev="12">
<attrib name="value" value="3"/></item>
<item name="O5" rev="12">
<attrib name="value" value="3"/></item>
</group>
<group name="LUT6">
<item name="A1" rev="12">
<attrib name="value" value="3"/></item>
<item name="A2" rev="12">
<attrib name="value" value="4"/></item>
<item name="A3" rev="12">
<attrib name="value" value="4"/></item>
<item name="A4" rev="12">
<attrib name="value" value="4"/></item>
<item name="A5" rev="12">
<attrib name="value" value="4"/></item>
<item name="A6" rev="12">
<attrib name="value" value="4"/></item>
<item name="O6" rev="12">
<attrib name="value" value="4"/></item>
</group>
<group name="IOB_IMUX">
<item name="I" rev="12">
<attrib name="value" value="5"/></item>
<item name="OUT" rev="12">
<attrib name="value" value="5"/></item>
</group>
<group name="IOB">
<item name="I" rev="12">
<attrib name="value" value="5"/></item>
<item name="O" rev="12">
<attrib name="value" value="7"/></item>
<item name="PAD" rev="12">
<attrib name="value" value="12"/></item>
</group>
</ReportPinData>
<CmdHistory>
</CmdHistory>
</DeviceUsageSummary>
