<?xml version="1.0" encoding="UTF-8"?>
<!-- IMPORTANT: This is an internal file that has been generated
     by the Xilinx ISE software.  Any direct editing or
     changes made to this file may result in unpredictable
     behavior or data corruption.  It is strongly advised that
     users do not edit the contents of this file. -->
<DeviceUsageSummary rev="6">
<DesignStatistics TimeStamp="Mon Dec 10 09:57:29 2018"><group name="NetStatistics">
<item name="NumNets_Active" rev="6">
<attrib name="value" value="96"/></item>
<item name="NumNets_Gnd" rev="6">
<attrib name="value" value="1"/></item>
<item name="NumNets_Vcc" rev="6">
<attrib name="value" value="1"/></item>
<item name="NumNodesOfType_Active_BOUNCEIN" rev="6">
<attrib name="value" value="5"/></item>
<item name="NumNodesOfType_Active_BUFGOUT" rev="6">
<attrib name="value" value="1"/></item>
<item name="NumNodesOfType_Active_BUFHINP2OUT" rev="6">
<attrib name="value" value="2"/></item>
<item name="NumNodesOfType_Active_CLKPIN" rev="6">
<attrib name="value" value="9"/></item>
<item name="NumNodesOfType_Active_CLKPINFEED" rev="6">
<attrib name="value" value="2"/></item>
<item name="NumNodesOfType_Active_CNTRLPIN" rev="6">
<attrib name="value" value="9"/></item>
<item name="NumNodesOfType_Active_DOUBLE" rev="6">
<attrib name="value" value="40"/></item>
<item name="NumNodesOfType_Active_GENERIC" rev="6">
<attrib name="value" value="10"/></item>
<item name="NumNodesOfType_Active_GLOBAL" rev="6">
<attrib name="value" value="13"/></item>
<item name="NumNodesOfType_Active_INPUT" rev="6">
<attrib name="value" value="8"/></item>
<item name="NumNodesOfType_Active_IOBIN2OUT" rev="6">
<attrib name="value" value="5"/></item>
<item name="NumNodesOfType_Active_IOBOUTPUT" rev="6">
<attrib name="value" value="5"/></item>
<item name="NumNodesOfType_Active_LUTINPUT" rev="6">
<attrib name="value" value="161"/></item>
<item name="NumNodesOfType_Active_OUTBOUND" rev="6">
<attrib name="value" value="84"/></item>
<item name="NumNodesOfType_Active_OUTPUT" rev="6">
<attrib name="value" value="85"/></item>
<item name="NumNodesOfType_Active_PADINPUT" rev="6">
<attrib name="value" value="1"/></item>
<item name="NumNodesOfType_Active_PADOUTPUT" rev="6">
<attrib name="value" value="5"/></item>
<item name="NumNodesOfType_Active_PINBOUNCE" rev="6">
<attrib name="value" value="28"/></item>
<item name="NumNodesOfType_Active_PINFEED" rev="6">
<attrib name="value" value="173"/></item>
<item name="NumNodesOfType_Active_QUAD" rev="6">
<attrib name="value" value="32"/></item>
<item name="NumNodesOfType_Active_SINGLE" rev="6">
<attrib name="value" value="63"/></item>
<item name="NumNodesOfType_Vcc_HVCCOUT" rev="6">
<attrib name="value" value="8"/></item>
<item name="NumNodesOfType_Vcc_LUTINPUT" rev="6">
<attrib name="value" value="31"/></item>
<item name="NumNodesOfType_Vcc_PINFEED" rev="6">
<attrib name="value" value="31"/></item>
</group>
<group name="SiteStatistics">
<item name="BUFG-BUFGMUX" rev="6">
<attrib name="value" value="1"/></item>
<item name="IOB-IOBM" rev="6">
<attrib name="value" value="4"/></item>
<item name="IOB-IOBS" rev="6">
<attrib name="value" value="4"/></item>
<item name="SLICEL-SLICEM" rev="6">
<attrib name="value" value="8"/></item>
<item name="SLICEX-SLICEL" rev="6">
<attrib name="value" value="4"/></item>
</group>
<group name="MiscellaneousStatistics">
<item name="AGG_BONDED_IO" rev="5">
<attrib name="value" value="8"/></item>
<item name="AGG_IO" rev="5">
<attrib name="value" value="8"/></item>
<item name="AGG_LOCED_IO" rev="5">
<attrib name="value" value="8"/></item>
<item name="AGG_SLICE" rev="5">
<attrib name="value" value="23"/></item>
<item name="NUM_BONDED_IOB" rev="5">
<attrib name="value" value="8"/></item>
<item name="NUM_BSFULL" rev="5">
<attrib name="value" value="32"/></item>
<item name="NUM_BSLUTONLY" rev="5">
<attrib name="value" value="40"/></item>
<item name="NUM_BSUSED" rev="5">
<attrib name="value" value="72"/></item>
<item name="NUM_BUFG" rev="5">
<attrib name="value" value="1"/></item>
<item name="NUM_LOCED_IOB" rev="5">
<attrib name="value" value="8"/></item>
<item name="NUM_LOGIC_O5ANDO6" rev="5">
<attrib name="value" value="4"/></item>
<item name="NUM_LOGIC_O5ONLY" rev="5">
<attrib name="value" value="27"/></item>
<item name="NUM_LOGIC_O6ONLY" rev="5">
<attrib name="value" value="40"/></item>
<item name="NUM_LUT_RT_DRIVES_CARRY4" rev="5">
<attrib name="value" value="1"/></item>
<item name="NUM_LUT_RT_EXO6" rev="5">
<attrib name="value" value="1"/></item>
<item name="NUM_LUT_RT_O6" rev="5">
<attrib name="value" value="27"/></item>
<item name="NUM_SLICEL" rev="5">
<attrib name="value" value="8"/></item>
<item name="NUM_SLICEX" rev="5">
<attrib name="value" value="15"/></item>
<item name="NUM_SLICE_CARRY4" rev="5">
<attrib name="value" value="8"/></item>
<item name="NUM_SLICE_CONTROLSET" rev="5">
<attrib name="value" value="2"/></item>
<item name="NUM_SLICE_CYINIT" rev="5">
<attrib name="value" value="104"/></item>
<item name="NUM_SLICE_FF" rev="5">
<attrib name="value" value="32"/></item>
<item name="NUM_SLICE_UNUSEDCTRL" rev="5">
<attrib name="value" value="14"/></item>
<item name="NUM_UNUSABLE_FF_BELS" rev="5">
<attrib name="value" value="8"/></item>
</group>
</DesignStatistics>
<DeviceUsage TimeStamp="Mon Dec 10 09:57:29 2018"><group name="SiteSummary">
<item name="BUFG" rev="6">
<attrib name="total" value="1000000"/><attrib name="used" value="1"/></item>
<item name="BUFG_BUFG" rev="6">
<attrib name="total" value="1000000"/><attrib name="used" value="1"/></item>
<item name="CARRY4" rev="6">
<attrib name="total" value="1000000"/><attrib name="used" value="8"/></item>
<item name="HARD0" rev="6">
<attrib name="total" value="1000000"/><attrib name="used" value="1"/></item>
<item name="IOB" rev="6">
<attrib name="total" value="1000000"/><attrib name="used" value="8"/></item>
<item name="IOB_IMUX" rev="6">
<attrib name="total" value="1000000"/><attrib name="used" value="5"/></item>
<item name="IOB_INBUF" rev="6">
<attrib name="total" value="1000000"/><attrib name="used" value="5"/></item>
<item name="IOB_OUTBUF" rev="6">
<attrib name="total" value="1000000"/><attrib name="used" value="3"/></item>
<item name="LUT5" rev="6">
<attrib name="total" value="1000000"/><attrib name="used" value="31"/></item>
<item name="LUT6" rev="6">
<attrib name="total" value="1000000"/><attrib name="used" value="72"/></item>
<item name="PAD" rev="6">
<attrib name="total" value="1000000"/><attrib name="used" value="8"/></item>
<item name="REG_SR" rev="6">
<attrib name="total" value="1000000"/><attrib name="used" value="32"/></item>
<item name="SLICEL" rev="6">
<attrib name="total" value="1000000"/><attrib name="used" value="8"/></item>
<item name="SLICEX" rev="6">
<attrib name="total" value="1000000"/><attrib name="used" value="15"/></item>
</group>
</DeviceUsage>
<ReportConfigData TimeStamp="Mon Dec 10 09:57:29 2018"><group name="SLICEL_CYMUXF">
<item name="0" rev="2">
<attrib name="0" value="20"/><attrib name="0_INV" value="0"/></item>
<item name="1" rev="2">
<attrib name="1_INV" value="0"/><attrib name="1" value="20"/></item>
</group>
<group name="SLICEL_CYMUXG">
<item name="0" rev="2">
<attrib name="0" value="19"/><attrib name="0_INV" value="0"/></item>
</group>
<group name="REG_SR">
<item name="CK" rev="6">
<attrib name="CK" value="32"/><attrib name="CK_INV" value="0"/></item>
<item name="LATCH_OR_FF" rev="6">
<attrib name="FF" value="32"/></item>
<item name="SRINIT" rev="6">
<attrib name="SRINIT0" value="31"/><attrib name="SRINIT1" value="1"/></item>
<item name="SYNC_ATTR" rev="6">
<attrib name="ASYNC" value="32"/></item>
</group>
<group name="IBUF_PAD">
<item name="IOATTRBOX" rev="2">
<attrib name="LVCMOS25" value="5"/></item>
</group>
<group name="SLICEL">
<item name="BX" rev="2">
<attrib name="BX_INV" value="0"/><attrib name="BX" value="4"/></item>
<item name="CE" rev="2">
<attrib name="CE" value="0"/><attrib name="CE_INV" value="17"/></item>
<item name="CIN" rev="2">
<attrib name="CIN_INV" value="0"/><attrib name="CIN" value="18"/></item>
<item name="CLK" rev="2">
<attrib name="CLK" value="20"/><attrib name="CLK_INV" value="0"/></item>
<item name="SR" rev="2">
<attrib name="SR" value="3"/><attrib name="SR_INV" value="0"/></item>
</group>
<group name="IOB_OUTBUF">
<item name="DRIVEATTRBOX" rev="6">
<attrib name="12" value="3"/></item>
<item name="SLEW" rev="6">
<attrib name="SLOW" value="3"/></item>
<item name="SUSPEND" rev="6">
<attrib name="3STATE" value="3"/></item>
</group>
<group name="SLICEX">
<item name="CLK" rev="6">
<attrib name="CLK" value="9"/><attrib name="CLK_INV" value="0"/></item>
</group>
<group name="SLICEL_FFX">
<item name="CE" rev="2">
<attrib name="CE" value="0"/><attrib name="CE_INV" value="16"/></item>
<item name="CK" rev="2">
<attrib name="CK" value="18"/><attrib name="CK_INV" value="0"/></item>
<item name="D" rev="2">
<attrib name="D" value="18"/><attrib name="D_INV" value="0"/></item>
<item name="FFX_INIT_ATTR" rev="2">
<attrib name="INIT0" value="18"/></item>
<item name="FFX_SR_ATTR" rev="2">
<attrib name="SRLOW" value="18"/></item>
<item name="LATCH_OR_FF" rev="2">
<attrib name="FF" value="18"/></item>
<item name="SR" rev="2">
<attrib name="SR" value="2"/><attrib name="SR_INV" value="0"/></item>
<item name="SYNC_ATTR" rev="2">
<attrib name="ASYNC" value="18"/></item>
</group>
<group name="SLICEL_XORF">
<item name="1" rev="2">
<attrib name="1_INV" value="0"/><attrib name="1" value="16"/></item>
</group>
<group name="SLICEL_FFY">
<item name="CE" rev="2">
<attrib name="CE" value="0"/><attrib name="CE_INV" value="16"/></item>
<item name="CK" rev="2">
<attrib name="CK" value="17"/><attrib name="CK_INV" value="0"/></item>
<item name="D" rev="2">
<attrib name="D" value="17"/><attrib name="D_INV" value="0"/></item>
<item name="FFY_INIT_ATTR" rev="2">
<attrib name="INIT0" value="16"/><attrib name="INIT1" value="1"/></item>
<item name="FFY_SR_ATTR" rev="2">
<attrib name="SRLOW" value="17"/></item>
<item name="LATCH_OR_FF" rev="2">
<attrib name="FF" value="17"/></item>
<item name="SR" rev="2">
<attrib name="SR" value="1"/><attrib name="SR_INV" value="0"/></item>
<item name="SYNC_ATTR" rev="2">
<attrib name="ASYNC" value="17"/></item>
</group>
<group name="BUFGMUX_GCLKMUX">
<item name="DISABLE_ATTR" rev="2">
<attrib name="LOW" value="1"/></item>
<item name="S" rev="2">
<attrib name="S_INV" value="1"/><attrib name="S" value="0"/></item>
</group>
<group name="SLICEL_F5MUX">
<item name="S0" rev="2">
<attrib name="S0" value="2"/><attrib name="S0_INV" value="0"/></item>
</group>
<group name="IOB_PAD">
<item name="DRIVEATTRBOX" rev="2">
<attrib name="12" value="3"/></item>
<item name="IOATTRBOX" rev="2">
<attrib name="LVCMOS25" value="3"/></item>
<item name="SLEW" rev="2">
<attrib name="SLOW" value="3"/></item>
</group>
<group name="IOB">
<item name="O1" rev="2">
<attrib name="O1_INV" value="0"/><attrib name="O1" value="3"/></item>
</group>
<group name="BUFGMUX">
<item name="S" rev="2">
<attrib name="S_INV" value="1"/><attrib name="S" value="0"/></item>
</group>
</ReportConfigData>
<ReportPinData TimeStamp="Mon Dec 10 09:57:29 2018"><group name="SLICEL_CYMUXF">
<item name="0" rev="2">
<attrib name="value" value="20"/></item>
<item name="1" rev="2">
<attrib name="value" value="20"/></item>
<item name="OUT" rev="2">
<attrib name="value" value="20"/></item>
<item name="S0" rev="2">
<attrib name="value" value="20"/></item>
</group>
<group name="SLICEL_CYMUXG">
<item name="0" rev="2">
<attrib name="value" value="19"/></item>
<item name="1" rev="2">
<attrib name="value" value="19"/></item>
<item name="OUT" rev="2">
<attrib name="value" value="19"/></item>
<item name="S0" rev="2">
<attrib name="value" value="19"/></item>
</group>
<group name="REG_SR">
<item name="CE" rev="6">
<attrib name="value" value="29"/></item>
<item name="CK" rev="6">
<attrib name="value" value="32"/></item>
<item name="D" rev="6">
<attrib name="value" value="32"/></item>
<item name="Q" rev="6">
<attrib name="value" value="32"/></item>
<item name="SR" rev="6">
<attrib name="value" value="3"/></item>
</group>
<group name="IBUF_PAD">
<item name="PAD" rev="2">
<attrib name="value" value="5"/></item>
</group>
<group name="IBUF_INBUF">
<item name="IN" rev="2">
<attrib name="value" value="5"/></item>
<item name="OUT" rev="2">
<attrib name="value" value="5"/></item>
</group>
<group name="BUFGMUX_GCLK_BUFFER">
<item name="IN" rev="2">
<attrib name="value" value="1"/></item>
<item name="OUT" rev="2">
<attrib name="value" value="1"/></item>
</group>
<group name="SLICEL">
<item name="A5" rev="6">
<attrib name="value" value="7"/></item>
<item name="A6" rev="6">
<attrib name="value" value="8"/></item>
<item name="AMUX" rev="6">
<attrib name="value" value="8"/></item>
<item name="B5" rev="6">
<attrib name="value" value="7"/></item>
<item name="B6" rev="6">
<attrib name="value" value="7"/></item>
<item name="BMUX" rev="6">
<attrib name="value" value="7"/></item>
<item name="C5" rev="6">
<attrib name="value" value="7"/></item>
<item name="C6" rev="6">
<attrib name="value" value="7"/></item>
<item name="CIN" rev="6">
<attrib name="value" value="7"/></item>
<item name="CMUX" rev="6">
<attrib name="value" value="7"/></item>
<item name="COUT" rev="6">
<attrib name="value" value="7"/></item>
<item name="D5" rev="6">
<attrib name="value" value="7"/></item>
<item name="D6" rev="6">
<attrib name="value" value="7"/></item>
<item name="DMUX" rev="6">
<attrib name="value" value="7"/></item>
</group>
<group name="IOB_OUTBUF">
<item name="IN" rev="6">
<attrib name="value" value="3"/></item>
<item name="OUT" rev="6">
<attrib name="value" value="3"/></item>
</group>
<group name="SLICEX">
<item name="A" rev="6">
<attrib name="value" value="6"/></item>
<item name="A1" rev="6">
<attrib name="value" value="4"/></item>
<item name="A2" rev="6">
<attrib name="value" value="4"/></item>
<item name="A3" rev="6">
<attrib name="value" value="7"/></item>
<item name="A4" rev="6">
<attrib name="value" value="7"/></item>
<item name="A5" rev="6">
<attrib name="value" value="14"/></item>
<item name="A6" rev="6">
<attrib name="value" value="14"/></item>
<item name="AMUX" rev="6">
<attrib name="value" value="1"/></item>
<item name="AQ" rev="6">
<attrib name="value" value="8"/></item>
<item name="B" rev="6">
<attrib name="value" value="1"/></item>
<item name="B1" rev="6">
<attrib name="value" value="2"/></item>
<item name="B2" rev="6">
<attrib name="value" value="2"/></item>
<item name="B3" rev="6">
<attrib name="value" value="2"/></item>
<item name="B4" rev="6">
<attrib name="value" value="2"/></item>
<item name="B5" rev="6">
<attrib name="value" value="9"/></item>
<item name="B6" rev="6">
<attrib name="value" value="9"/></item>
<item name="BQ" rev="6">
<attrib name="value" value="8"/></item>
<item name="C1" rev="6">
<attrib name="value" value="1"/></item>
<item name="C2" rev="6">
<attrib name="value" value="1"/></item>
<item name="C3" rev="6">
<attrib name="value" value="1"/></item>
<item name="C4" rev="6">
<attrib name="value" value="1"/></item>
<item name="C5" rev="6">
<attrib name="value" value="9"/></item>
<item name="C6" rev="6">
<attrib name="value" value="9"/></item>
<item name="CE" rev="6">
<attrib name="value" value="8"/></item>
<item name="CLK" rev="6">
<attrib name="value" value="9"/></item>
<item name="CQ" rev="6">
<attrib name="value" value="9"/></item>
<item name="D" rev="6">
<attrib name="value" value="4"/></item>
<item name="D1" rev="6">
<attrib name="value" value="3"/></item>
<item name="D2" rev="6">
<attrib name="value" value="4"/></item>
<item name="D3" rev="6">
<attrib name="value" value="4"/></item>
<item name="D4" rev="6">
<attrib name="value" value="4"/></item>
<item name="D5" rev="6">
<attrib name="value" value="11"/></item>
<item name="D6" rev="6">
<attrib name="value" value="11"/></item>
<item name="DMUX" rev="6">
<attrib name="value" value="2"/></item>
<item name="DQ" rev="6">
<attrib name="value" value="7"/></item>
<item name="SR" rev="6">
<attrib name="value" value="1"/></item>
</group>
<group name="BUFG_BUFG">
<item name="I0" rev="6">
<attrib name="value" value="1"/></item>
<item name="O" rev="6">
<attrib name="value" value="1"/></item>
</group>
<group name="IBUF">
<item name="I" rev="2">
<attrib name="value" value="5"/></item>
<item name="PAD" rev="2">
<attrib name="value" value="5"/></item>
</group>
<group name="PAD">
<item name="PAD" rev="6">
<attrib name="value" value="8"/></item>
</group>
<group name="IOB_INBUF">
<item name="OUT" rev="6">
<attrib name="value" value="5"/></item>
<item name="PAD" rev="6">
<attrib name="value" value="5"/></item>
</group>
<group name="SLICEL_FFX">
<item name="CE" rev="2">
<attrib name="value" value="16"/></item>
<item name="CK" rev="2">
<attrib name="value" value="18"/></item>
<item name="D" rev="2">
<attrib name="value" value="18"/></item>
<item name="Q" rev="2">
<attrib name="value" value="18"/></item>
<item name="SR" rev="2">
<attrib name="value" value="2"/></item>
</group>
<group name="SLICEL_XORF">
<item name="0" rev="2">
<attrib name="value" value="16"/></item>
<item name="1" rev="2">
<attrib name="value" value="16"/></item>
<item name="O" rev="2">
<attrib name="value" value="16"/></item>
</group>
<group name="SLICEL_FFY">
<item name="CE" rev="2">
<attrib name="value" value="16"/></item>
<item name="CK" rev="2">
<attrib name="value" value="17"/></item>
<item name="D" rev="2">
<attrib name="value" value="17"/></item>
<item name="Q" rev="2">
<attrib name="value" value="17"/></item>
<item name="SR" rev="2">
<attrib name="value" value="1"/></item>
</group>
<group name="SLICEL_XORG">
<item name="0" rev="2">
<attrib name="value" value="16"/></item>
<item name="1" rev="2">
<attrib name="value" value="16"/></item>
<item name="O" rev="2">
<attrib name="value" value="16"/></item>
</group>
<group name="BUFGMUX_GCLKMUX">
<item name="I0" rev="2">
<attrib name="value" value="1"/></item>
<item name="OUT" rev="2">
<attrib name="value" value="1"/></item>
<item name="S" rev="2">
<attrib name="value" value="1"/></item>
</group>
<group name="SLICEL_F5MUX">
<item name="F" rev="2">
<attrib name="value" value="2"/></item>
<item name="G" rev="2">
<attrib name="value" value="2"/></item>
<item name="OUT" rev="2">
<attrib name="value" value="2"/></item>
<item name="S0" rev="2">
<attrib name="value" value="2"/></item>
</group>
<group name="CARRY4">
<item name="CIN" rev="6">
<attrib name="value" value="7"/></item>
<item name="CO3" rev="6">
<attrib name="value" value="7"/></item>
<item name="CYINIT" rev="6">
<attrib name="value" value="1"/></item>
<item name="DI0" rev="6">
<attrib name="value" value="7"/></item>
<item name="DI1" rev="6">
<attrib name="value" value="7"/></item>
<item name="DI2" rev="6">
<attrib name="value" value="7"/></item>
<item name="DI3" rev="6">
<attrib name="value" value="7"/></item>
<item name="O0" rev="6">
<attrib name="value" value="8"/></item>
<item name="O1" rev="6">
<attrib name="value" value="7"/></item>
<item name="O2" rev="6">
<attrib name="value" value="7"/></item>
<item name="O3" rev="6">
<attrib name="value" value="7"/></item>
<item name="S0" rev="6">
<attrib name="value" value="8"/></item>
<item name="S1" rev="6">
<attrib name="value" value="7"/></item>
<item name="S2" rev="6">
<attrib name="value" value="7"/></item>
<item name="S3" rev="6">
<attrib name="value" value="7"/></item>
</group>
<group name="LUT5">
<item name="A1" rev="6">
<attrib name="value" value="1"/></item>
<item name="A2" rev="6">
<attrib name="value" value="2"/></item>
<item name="A3" rev="6">
<attrib name="value" value="3"/></item>
<item name="A4" rev="6">
<attrib name="value" value="3"/></item>
<item name="A5" rev="6">
<attrib name="value" value="2"/></item>
<item name="O5" rev="6">
<attrib name="value" value="31"/></item>
</group>
<group name="LUT6">
<item name="A1" rev="6">
<attrib name="value" value="10"/></item>
<item name="A2" rev="6">
<attrib name="value" value="10"/></item>
<item name="A3" rev="6">
<attrib name="value" value="13"/></item>
<item name="A4" rev="6">
<attrib name="value" value="14"/></item>
<item name="A5" rev="6">
<attrib name="value" value="71"/></item>
<item name="A6" rev="6">
<attrib name="value" value="72"/></item>
<item name="O6" rev="6">
<attrib name="value" value="72"/></item>
</group>
<group name="IOB_PAD">
<item name="PAD" rev="2">
<attrib name="value" value="3"/></item>
</group>
<group name="IOB_IMUX">
<item name="I" rev="6">
<attrib name="value" value="5"/></item>
<item name="OUT" rev="6">
<attrib name="value" value="5"/></item>
</group>
<group name="IOB">
<item name="I" rev="6">
<attrib name="value" value="5"/></item>
<item name="O" rev="6">
<attrib name="value" value="3"/></item>
<item name="PAD" rev="6">
<attrib name="value" value="8"/></item>
</group>
<group name="SLICEL_C1VDD">
<item name="1" rev="2">
<attrib name="value" value="1"/></item>
</group>
<group name="BUFGMUX">
<item name="I0" rev="2">
<attrib name="value" value="1"/></item>
<item name="O" rev="2">
<attrib name="value" value="1"/></item>
<item name="S" rev="2">
<attrib name="value" value="1"/></item>
</group>
<group name="HARD0">
<item name="0" rev="6">
<attrib name="value" value="1"/></item>
</group>
<group name="BUFG">
<item name="I0" rev="6">
<attrib name="value" value="1"/></item>
<item name="O" rev="6">
<attrib name="value" value="1"/></item>
</group>
<group name="SLICEL_F">
<item name="A1" rev="2">
<attrib name="value" value="45"/></item>
<item name="A2" rev="2">
<attrib name="value" value="29"/></item>
<item name="A3" rev="2">
<attrib name="value" value="28"/></item>
<item name="A4" rev="2">
<attrib name="value" value="25"/></item>
<item name="D" rev="2">
<attrib name="value" value="46"/></item>
</group>
<group name="SLICEL_G">
<item name="A1" rev="2">
<attrib name="value" value="47"/></item>
<item name="A2" rev="2">
<attrib name="value" value="31"/></item>
<item name="A3" rev="2">
<attrib name="value" value="28"/></item>
<item name="A4" rev="2">
<attrib name="value" value="25"/></item>
<item name="D" rev="2">
<attrib name="value" value="47"/></item>
</group>
<group name="SLICEL_GNDF">
<item name="0" rev="2">
<attrib name="value" value="19"/></item>
</group>
<group name="SLICEL_GNDG">
<item name="0" rev="2">
<attrib name="value" value="19"/></item>
</group>
</ReportPinData>
<CmdHistory>
</CmdHistory>
</DeviceUsageSummary>
